"date","description","displayedUrl","emphasizedKeywords","personalInfo/companyName","personalInfo/jobTitle","personalInfo/location","personalInfo/rawText","position","productInfo/price","productInfo/rating","searchQuery/countryCode","searchQuery/device","searchQuery/domain","searchQuery/languageCode","searchQuery/locationUule","searchQuery/page","searchQuery/resultsPerPage","searchQuery/term","searchQuery/type","searchQuery/url","title","type","url"
,"","https://www.nrel.gov › docs","",,,,,"1",,,"US","DESKTOP","google.com",,,"1","100","opinions of electric vehicles","SEARCH","http://www.google.com/search?num=100&q=opinions%20of%20electric%20vehicles","Consumer Views on Plug-in Electric Vehicles - NREL","organic","https://www.nrel.gov/docs/fy16osti/65279.pdf"
"2021-06-03T12:00:00.000Z","Jun 3, 2021Roughly two-thirds of Americans (67%) say that electric cars and trucks are better for the environment compared with gas-powered vehicles. But a ...","https://www.pewresearch.org › ... › Science Issues","electric cars",,,"Jun 3, 2021 —","Jun 3, 2021 —","2",,,"US","DESKTOP","google.com",,,"1","100","opinions of electric vehicles","SEARCH","http://www.google.com/search?num=100&q=opinions%20of%20electric%20vehicles","Electric vehicles get mixed reception from American ...","organic","https://www.pewresearch.org/short-reads/2021/06/03/electric-vehicles-get-mixed-reception-from-american-consumers/"
"2022-07-13T12:00:00.000Z","Jul 13, 2022AAA finds that consumers have a reasonably accurate understanding of current electric vehicle range. Six in ten (60%) Americans think electric ...","https://newsroom.aaa.com › 2022/07 › americans-reve...","electric vehicle",,,"Jul 13, 2022 —","Jul 13, 2022 —","3",,,"US","DESKTOP","google.com",,,"1","100","opinions of electric vehicles","SEARCH","http://www.google.com/search?num=100&q=opinions%20of%20electric%20vehicles","Americans Reveal Fresh Thoughts on Electric Vehicles","organic","https://newsroom.aaa.com/2022/07/americans-reveal-fresh-thoughts-on-electric-vehicles/"
"2022-12-18T12:00:00.000Z","Dec 18, 2022EVs are prohibitively expensive. The average new EV price of $66,000 places them beyond the reach of low-income citizens, even with incentives.","https://www.sandiegouniontribune.com › opinion › story","EVs",,,"Dec 18, 2022 —","Dec 18, 2022 —","4",,,"US","DESKTOP","google.com",,,"1","100","opinions of electric vehicles","SEARCH","http://www.google.com/search?num=100&q=opinions%20of%20electric%20vehicles","Opinion: Electric vehicles aren't the panacea some think ...","organic","https://www.sandiegouniontribune.com/opinion/letters-to-the-editor/story/2022-12-18/opinion-electric-vehicles-arent-the-panacea-some-think-they-are"
"2023-01-18T12:00:00.000Z","Jan 18, 2023All-electric cars and plug-in electric cars are great for drivers who want to reduce emissions, reduce fuel costs, and drive nice vehicles.","https://www.energysage.com › electric-vehicles › pros...","electric cars | electric cars",,,"Jan 18, 2023 —","Jan 18, 2023 —","5",,,"US","DESKTOP","google.com",,,"1","100","opinions of electric vehicles","SEARCH","http://www.google.com/search?num=100&q=opinions%20of%20electric%20vehicles","Pros and Cons of Electric Cars","organic","https://www.energysage.com/electric-vehicles/101/pros-and-cons-electric-cars/"
"2022-09-23T12:00:00.000Z","Sep 23, 2022Even with the current high electricity prices, EVs remain the most cost-effective choice over time, according to new IEA analysis. Expanding EV ...","https://www.cnn.com › iea-electric-cars-clean-energy","EVs",,,"Sep 23, 2022 —","Sep 23, 2022 —","6",,,"US","DESKTOP","google.com",,,"1","100","opinions of electric vehicles","SEARCH","http://www.google.com/search?num=100&q=opinions%20of%20electric%20vehicles","Opinion: IEA head: Electric cars are transforming the auto ...","organic","https://www.cnn.com/2022/09/23/perspectives/iea-electric-cars-clean-energy/index.html"
"2022-09-11T12:00:00.000Z","Sep 11, 202229): This essay seems to hold a somewhat privileged view of cars and the role they play in today's American families.","https://www.nytimes.com › Opinion › Letters","cars",,,"Sep 11, 2022 —","Sep 11, 2022 —","7",,,"US","DESKTOP","google.com",,,"1","100","opinions of electric vehicles","SEARCH","http://www.google.com/search?num=100&q=opinions%20of%20electric%20vehicles","Opinion | Electric Cars: How to Win Over Consumers","organic","https://www.nytimes.com/2022/09/11/opinion/letters/electric-cars.html"
,"Another study showed that 62% of Americans believe EVs will become more popular. This is compared to only 27% who think they will not become more popular. This ...","https://www.itsallgoodsinc.com › insights › consumer-...","EVs",,,,,"8",,,"US","DESKTOP","google.com",,,"1","100","opinions of electric vehicles","SEARCH","http://www.google.com/search?num=100&q=opinions%20of%20electric%20vehicles","Consumer Attitudes Toward Electric Vehicles - It's All Goods","organic","https://www.itsallgoodsinc.com/insights/consumer-attitudes-toward-electric-vehicles"
"2023-06-03T12:00:00.000Z","Jun 3, 2023Electric vehicles may be a bit soulless, but they're wonderful mechanisms: fast, quiet and, until recently, very cheap to run. But increasingly, ...","https://www.theguardian.com › commentisfree › jun","Electric vehicles",,,"Jun 3, 2023 —","Jun 3, 2023 —","9",,,"US","DESKTOP","google.com",,,"1","100","opinions of electric vehicles","SEARCH","http://www.google.com/search?num=100&q=opinions%20of%20electric%20vehicles","I love electric vehicles – and was an early adopter. But ...","organic","https://www.theguardian.com/commentisfree/2023/jun/03/electric-vehicles-early-adopter-petrol-car-ev-environment-rowan-atkinson"
"2023-04-12T12:00:00.000Z","Apr 12, 2023Four percent of Americans report that they currently own an electric vehicle, and the public remains largely unconvinced that the use of EVs ...","https://news.gallup.com › poll › americans-not-completel...","electric vehicle | EVs",,,"Apr 12, 2023 —","Apr 12, 2023 —","10",,,"US","DESKTOP","google.com",,,"1","100","opinions of electric vehicles","SEARCH","http://www.google.com/search?num=100&q=opinions%20of%20electric%20vehicles","Most Americans Are Not Completely Sold on Electric ...","organic","https://news.gallup.com/poll/474095/americans-not-completely-sold-electric-vehicles.aspx"
"2021-10-26T12:00:00.000Z","Oct 26, 2021There's a lot to like about an all-electric future. EVs are cleaner, obviously. They're quieter, too. And of course, they reduce our dependence ...","https://www.washingtonpost.com › 2021/10/26 › why...","EVs",,,"Oct 26, 2021 —","Oct 26, 2021 —","11",,,"US","DESKTOP","google.com",,,"1","100","opinions of electric vehicles","SEARCH","http://www.google.com/search?num=100&q=opinions%20of%20electric%20vehicles","Opinion | I used to be an electric car skeptic. I've changed ...","organic","https://www.washingtonpost.com/opinions/2021/10/26/why-did-not-buy-electric-car-tesla/"
"2023-04-11T12:00:00.000Z","Apr 11, 2023Many Americans aren't yet sold on going electric for their next cars, a new poll shows, with high prices and too few charging stations the ...","https://www.cbsnews.com › MoneyWatch","electric | cars",,,"Apr 11, 2023 —","Apr 11, 2023 —","12",,,"US","DESKTOP","google.com",,,"1","100","opinions of electric vehicles","SEARCH","http://www.google.com/search?num=100&q=opinions%20of%20electric%20vehicles","4 in 10 U.S. adults say next vehicle may be electric, poll finds","organic","https://www.cbsnews.com/news/electric-cars-ap-norc-poll-should-i-buy-an-ev/"
"2022-07-07T12:00:00.000Z","Jul 7, 2022Only 2 percent of Americans currently own or lease a battery electric vehicle. Views on climate change: Seven in 10 Americans say the issue of ...","https://www.consumerreports.org › Cars › Hybrids/EVs","electric vehicle | Views",,,"Jul 7, 2022 —","Jul 7, 2022 —","13",,,"US","DESKTOP","google.com",,,"1","100","opinions of electric vehicles","SEARCH","http://www.google.com/search?num=100&q=opinions%20of%20electric%20vehicles","More Americans Would Buy an EV | Interest in Low-Carbon ...","organic","https://www.consumerreports.org/cars/hybrids-evs/interest-in-electric-vehicles-and-low-carbon-fuels-survey-a8457332578/"
"2022-09-15T12:00:00.000Z","Sep 15, 2022Electric vehicles are still vehicles: They pollute, they kill, and they distort cities to accommodate cars instead of people.","https://www.latimes.com › opinion › story › california-el...","Electric vehicles",,,"Sep 15, 2022 —","Sep 15, 2022 —","14",,,"US","DESKTOP","google.com",,,"1","100","opinions of electric vehicles","SEARCH","http://www.google.com/search?num=100&q=opinions%20of%20electric%20vehicles","Op-Ed: Think bigger. Switching to electric cars isn't enough","organic","https://www.latimes.com/opinion/story/2022-09-15/california-electric-vehicles-pollution-traffic-deaths"
"2022-04-19T12:00:00.000Z","Apr 19, 2022New Survey Finds Consumers Developing More Favorable Opinion of Electric Vehicles · ALEXANDRIA, Va. · A majority (52 percent) of consumers say ...","https://csnews.com › new-survey-finds-consumers-dev...","Opinion of Electric Vehicles",,,"Apr 19, 2022 —","Apr 19, 2022 —","15",,,"US","DESKTOP","google.com",,,"1","100","opinions of electric vehicles","SEARCH","http://www.google.com/search?num=100&q=opinions%20of%20electric%20vehicles","New Survey Finds Consumers Developing More Favorable ...","organic","https://csnews.com/new-survey-finds-consumers-developing-more-favorable-opinion-electric-vehicles"
"2023-02-21T12:00:00.000Z","2023Feb 21, 2023","https://www.caranddriver.com › Features","",,,"Feb 21, 2023","Feb 21, 2023","16",,,"US","DESKTOP","google.com",,,"1","100","opinions of electric vehicles","SEARCH","http://www.google.com/search?num=100&q=opinions%20of%20electric%20vehicles","Best Electric Vehicles of 2023 and 2024","organic","https://www.caranddriver.com/features/g40322167/best-electric-cars/"
,"by K Bienias · 2020 · Cited by 23 — by K Bienias · 2020 · Cited by 23Our study confirmed that consumers have a generally positive opinion about EVs. However, they expect that the purchase of EVs should be subsidized.","https://www.sciencedirect.com › science › article › pii","opinion | EVs | EVs","Cited by 23 —","2020","by K Bienias","by K Bienias · 2020 · Cited by 23 —","17",,,"US","DESKTOP","google.com",,,"1","100","opinions of electric vehicles","SEARCH","http://www.google.com/search?num=100&q=opinions%20of%20electric%20vehicles","What do people think about electric vehicles? An initial ...","organic","https://www.sciencedirect.com/science/article/pii/S2352484719306365"
,"Edmunds expert reviewers rank the best electric vehicles of 2023 and 2024 on a 10-point scale that includes performance, comfort, interior, technology, ...","https://www.edmunds.com › electric-car","electric vehicles",,,,,"18",,,"US","DESKTOP","google.com",,,"1","100","opinions of electric vehicles","SEARCH","http://www.google.com/search?num=100&q=opinions%20of%20electric%20vehicles","Best Electric Cars of 2023 and 2024","organic","https://www.edmunds.com/electric-car/"
,"The best Electric Car is the 2023 Hyundai Ioniq 6, with an overall score of 8.3 out of 10. The two best Luxury Electric Cars are the 2023 BMW i7 and the ...","https://cars.usnews.com › Cars › Rankings","Electric Car | Electric Cars",,,,,"19",,,"US","DESKTOP","google.com",,,"1","100","opinions of electric vehicles","SEARCH","http://www.google.com/search?num=100&q=opinions%20of%20electric%20vehicles","Best Electric Vehicles of 2023 - Top-Rated EVs","organic","https://cars.usnews.com/cars-trucks/rankings/electric-vehicles"
"2022-03-30T12:00:00.000Z","Mar 30, 2022The electric vehicle will truly eliminate emissions over time as the entire process for manufacturing becomes more eco-friendly. Nothing happens ...","https://www.newsweek.com › ... › Sustainability","electric vehicle",,,"Mar 30, 2022 —","Mar 30, 2022 —","20",,,"US","DESKTOP","google.com",,,"1","100","opinions of electric vehicles","SEARCH","http://www.google.com/search?num=100&q=opinions%20of%20electric%20vehicles","The Future Is Electric Vehicles | Opinion","organic","https://www.newsweek.com/future-electric-vehicles-opinion-1693516"
"2023-04-10T12:00:00.000Z","Apr 10, 2023But the upfront cost of purchasing the vehicle outweighs the fuel and maintenance savings of owning one in the mind of many Americans, according ...","https://epic.uchicago.edu › news › new-poll-2-in-5-wo...","vehicle",,,"Apr 10, 2023 —","Apr 10, 2023 —","21",,,"US","DESKTOP","google.com",,,"1","100","opinions of electric vehicles","SEARCH","http://www.google.com/search?num=100&q=opinions%20of%20electric%20vehicles","New Poll: 2 In 5 Would Consider Purchasing An Electric ...","organic","https://epic.uchicago.edu/news/new-poll-2-in-5-would-consider-purchasing-an-electric-vehicle-as-their-next-car-but-they-remain-prohibitively-expensive-for-americans/"
,"We don't just publish the breaking news of the day, but go behind it, create it, and most importantly, examine the how, what and why of electric vehicles.","https://insideevs.com","electric vehicles",,,,,"22",,,"US","DESKTOP","google.com",,,"1","100","opinions of electric vehicles","SEARCH","http://www.google.com/search?num=100&q=opinions%20of%20electric%20vehicles","InsideEVs | Electric Vehicle News, Reviews, and Reports","organic","https://insideevs.com/"
,"Electric vehicles offer many potential benefits, such as lower fuel and maintenance costs, better air quality, better health, and more transportation ...","https://www.nclc.org › Topics","Electric vehicles",,,,,"23",,,"US","DESKTOP","google.com",,,"1","100","opinions of electric vehicles","SEARCH","http://www.google.com/search?num=100&q=opinions%20of%20electric%20vehicles","Electric Vehicles - NCLC","organic","https://www.nclc.org/topic/electric-vehicles/"
"2023-05-03T12:00:00.000Z","May 3, 2023A BYD ATTO 3 electric sports utility vehicle gets charged as it is ... Opinion content represents the viewpoint of the author or The Gazette ...","https://www.thegazette.com › ... › Guest Columnists","electric | vehicle | Opinion",,,"May 3, 2023 —","May 3, 2023 —","24",,,"US","DESKTOP","google.com",,,"1","100","opinions of electric vehicles","SEARCH","http://www.google.com/search?num=100&q=opinions%20of%20electric%20vehicles","Are Electric Cars the Answer?","organic","https://www.thegazette.com/guest-columnists/are-electric-cars-the-answer/"
,"Read the latest first drive reviews on electric cars, hybrids, plug-ins, and fuel cells from the experts at Green Car Reports.","https://www.greencarreports.com › news › first-drives","reviews | electric cars",,,,,"25",,,"US","DESKTOP","google.com",,,"1","100","opinions of electric vehicles","SEARCH","http://www.google.com/search?num=100&q=opinions%20of%20electric%20vehicles","First Drive Reviews of Electric Cars and Plug-In Hybrids","organic","https://www.greencarreports.com/news/first-drives"
,"Interest in EVs hits an all-time high as gas prices soar. A recent survey conducted by Consumer Reports found 14% of Americans would definitely buy or lease an ...","https://www.nasdaq.com › articles › the-normalization...","EVs",,,,,"26",,,"US","DESKTOP","google.com",,,"1","100","opinions of electric vehicles","SEARCH","http://www.google.com/search?num=100&q=opinions%20of%20electric%20vehicles","The Normalization of Electric Vehicles: Infrastructure, ...","organic","https://www.nasdaq.com/articles/the-normalization-of-electric-vehicles%3A-infrastructure-components-and-public-opinion"
"2022-12-25T12:00:00.000Z","Dec 25, 2022Sep 9, 2022 — Sep 9, 2022We constantly hear that electric cars are the future—cleaner, cheaper and better. But if they're so good, why does California need to ban ...","https://www.wsj.com › Opinion › Life Science","electric cars",,,"Dec 25, 2022 — Sep 9, 2022 —","Dec 25, 2022 — Sep 9, 2022 —","27",,,"US","DESKTOP","google.com",,,"1","100","opinions of electric vehicles","SEARCH","http://www.google.com/search?num=100&q=opinions%20of%20electric%20vehicles","Not So Fast on Electric Cars","organic","https://www.wsj.com/articles/not-so-fast-on-electric-cars-toyota-biden-subsidies-technical-difficulties-cold-weather-traffic-cyber-11671830734"
"2023-04-11T12:00:00.000Z","Apr 11, 2023More than 6 in 10 Americans cite saving money on gas and vehicle maintenance as reasons to purchase one, along with reducing their personal ...","https://apnorc.org › projects › americans-views-on-cli...","vehicle",,,"Apr 11, 2023 —","Apr 11, 2023 —","28",,,"US","DESKTOP","google.com",,,"1","100","opinions of electric vehicles","SEARCH","http://www.google.com/search?num=100&q=opinions%20of%20electric%20vehicles","Americans' views on climate, energy policy, and electric ...","organic","https://apnorc.org/projects/americans-views-on-climate-energy-policy-and-electric-vehicles/"
,"Over the long run, EVs will help residents of rural areas reduce those costs and minimize the environmental impact of transportation in their communities. The ...","https://www.transportation.gov › rural","EVs",,,,,"29",,,"US","DESKTOP","google.com",,,"1","100","opinions of electric vehicles","SEARCH","http://www.google.com/search?num=100&q=opinions%20of%20electric%20vehicles","Electric Vehicles & Rural Transportation","organic","https://www.transportation.gov/rural/ev"
"2023-06-20T12:00:00.000Z","Jun 20, 2023We've driven just about every electric vehicle on the market in the US, so we have strong opinions on what's good and what's less so.","https://www.cnet.com › roadshow › news › best-ev-ele...","electric vehicle | opinions",,,"Jun 20, 2023 —","Jun 20, 2023 —","30",,,"US","DESKTOP","google.com",,,"1","100","opinions of electric vehicles","SEARCH","http://www.google.com/search?num=100&q=opinions%20of%20electric%20vehicles","Best Electric Cars and EVs for 2023","organic","https://www.cnet.com/roadshow/news/best-ev-electric-car/"
,"They also found that 90% of Americans and Europeans believe electric cars have poor acceleration. However, the reality is that the Tesla Model S is the fastest ...","https://blinkcharging.com › fact-from-fiction-the-real-...","electric cars",,,,,"31",,,"US","DESKTOP","google.com",,,"1","100","opinions of electric vehicles","SEARCH","http://www.google.com/search?num=100&q=opinions%20of%20electric%20vehicles","Fact from Fiction: Why Many Consumers Don't Buy EVs","organic","https://blinkcharging.com/fact-from-fiction-the-real-reason-why-consumers-dont-buy-electric-vehicles/?locale=en"
"2023-02-16T12:00:00.000Z","Feb 16, 2023The market for electric vehicles (EVs) has grown rapidly in recent years and is expected to continue to grow at a fast pace over the coming ...","https://www.bls.gov › opub › btn › volume-12 › char...","electric vehicles | EVs",,,"Feb 16, 2023 —","Feb 16, 2023 —","32",,,"US","DESKTOP","google.com",,,"1","100","opinions of electric vehicles","SEARCH","http://www.google.com/search?num=100&q=opinions%20of%20electric%20vehicles","Charging into the future: the transition to electric vehicles","organic","https://www.bls.gov/opub/btn/volume-12/charging-into-the-future-the-transition-to-electric-vehicles.htm"
,"Electric cars and other vehicles could eliminate a big source of climate change if they become widespread enough. We report on the auto, battery, ...","https://www.technologyreview.com › climate-change","Electric cars",,,,,"33",,,"US","DESKTOP","google.com",,,"1","100","opinions of electric vehicles","SEARCH","http://www.google.com/search?num=100&q=opinions%20of%20electric%20vehicles","Electric cars","organic","https://www.technologyreview.com/topic/climate-change/electric-cars/"
,"Porsche Taycan · Hyundai Ioniq 5 · Kia EV6 · BMW i4 · MG 4 EV · Tesla Model 3 · Renault Megane E-Tech Electric · Polestar 2.","https://www.carmagazine.co.uk › electric › best-electri...","Electric",,,,,"34",,,"US","DESKTOP","google.com",,,"1","100","opinions of electric vehicles","SEARCH","http://www.google.com/search?num=100&q=opinions%20of%20electric%20vehicles","Best electric cars and EVs 2023","organic","https://www.carmagazine.co.uk/electric/best-electric-cars-and-evs/"
"2023-03-23T12:00:00.000Z","Mar 23, 2023The shift to electric vehicles isn't coming from the consumer. Instead, the automakers are pushing the change thanks to governmental action and ...","https://www.cbtnews.com › opinion-how-electric-vehi...","electric vehicles",,,"Mar 23, 2023 —","Mar 23, 2023 —","35",,,"US","DESKTOP","google.com",,,"1","100","opinions of electric vehicles","SEARCH","http://www.google.com/search?num=100&q=opinions%20of%20electric%20vehicles","Opinion: How electric vehicles are changing the state of car ...","organic","https://www.cbtnews.com/opinion-how-electric-vehicles-are-changing-the-state-of-car-culture/"
,"Some of the most popular electric vehicles are the Tesla Cybertruck, the 2022 Ford Lightning, the Rivian R1T, 2022 Audi Q4 e-tron and Q4 Sportback e-tron, and ...","https://www.kbb.com › Best Electrics","electric vehicles",,,,,"36",,,"US","DESKTOP","google.com",,,"1","100","opinions of electric vehicles","SEARCH","http://www.google.com/search?num=100&q=opinions%20of%20electric%20vehicles","Best Electric Vehicles of 2023 & 2024","organic","https://www.kbb.com/electric-car/"
,"Electric vehicles opinions ; 30 May 2023. Editor&#039;s letter: European car makers face existential threat from China ; 16 May 2023. Inside the industry: ...","https://www.autocar.co.uk › ... › Business opinions","Electric vehicles opinions",,,,,"37",,,"US","DESKTOP","google.com",,,"1","100","opinions of electric vehicles","SEARCH","http://www.google.com/search?num=100&q=opinions%20of%20electric%20vehicles","Electric vehicles opinions","organic","https://www.autocar.co.uk/opinion/electric-vehicles"
"2023-01-19T12:00:00.000Z","Jan 19, 2023This may resonate with the driver of an electric vehicle (EV) who has pulled up at a charging station in the middle of nowhere, only to find ...","https://www.nationalreview.com › 2023/02/06 › the-fa...","electric vehicle",,,"Jan 19, 2023 —","Jan 19, 2023 —","38",,,"US","DESKTOP","google.com",,,"1","100","opinions of electric vehicles","SEARCH","http://www.google.com/search?num=100&q=opinions%20of%20electric%20vehicles","The False Promise of Electric Cars","organic","https://www.nationalreview.com/magazine/2023/02/06/the-false-promise-of-electric-cars/"
"2023-04-12T12:00:00.000Z","Apr 12, 2023Electric Cars & Pubic Opinion ... Boiled down to the essence, there were two main reasons why people said that electric cars were not for them.","https://cleantechnica.com › 2023/04/12 › unpacking-t...","Electric Cars | Opinion | electric cars",,,"Apr 12, 2023 —","Apr 12, 2023 —","39",,,"US","DESKTOP","google.com",,,"1","100","opinions of electric vehicles","SEARCH","http://www.google.com/search?num=100&q=opinions%20of%20electric%20vehicles","Unpacking The Latest Electric Cars Poll Numbers","organic","https://cleantechnica.com/2023/04/12/unpacking-the-latest-electric-cars-poll-numbers/"
,"All forms of electric vehicles can help improve fuel economy, lower fuel costs, and reduce emissions. Photo of an electric car. Photo from Forth. Energy ...","https://afdc.energy.gov › ... › Electricity","electric vehicles | electric car",,,,,"40",,,"US","DESKTOP","google.com",,,"1","100","opinions of electric vehicles","SEARCH","http://www.google.com/search?num=100&q=opinions%20of%20electric%20vehicles","Electric Vehicle Benefits and Considerations","organic","https://afdc.energy.gov/fuels/electricity_benefits.html"
,"Electric cars come with many benefits. Learn how you can take advantage of federal, state and local rebates, save on fuel and maintenance, ...","https://driveclean.ca.gov › top-reasons","Electric cars",,,,,"41",,,"US","DESKTOP","google.com",,,"1","100","opinions of electric vehicles","SEARCH","http://www.google.com/search?num=100&q=opinions%20of%20electric%20vehicles","Top 5 Reasons to Drive Electric","organic","https://driveclean.ca.gov/top-reasons"
,"An electric vehicle has many advantages over vehicles utilizing an internal combustion engine. An electric vehicle is very clean. There are no gaseous emissions ...","https://www.utc.edu › research-and-laboratories › cete","electric vehicle | electric vehicle",,,,,"42",,,"US","DESKTOP","google.com",,,"1","100","opinions of electric vehicles","SEARCH","http://www.google.com/search?num=100&q=opinions%20of%20electric%20vehicles","Electric Vehicles | University of Tennessee at Chattanooga","organic","https://www.utc.edu/engineering-and-computer-science/research-and-laboratories/cete/electric-vehicles"
"2023-04-11T12:00:00.000Z","Apr 11, 2023Consumer Reports surveyed 8,027 Americans about their opinions of electric cars between January 27 and February 18, 2022.","https://www.hotcars.com › Electric Cars","opinions of electric cars",,,"Apr 11, 2023 —","Apr 11, 2023 —","43",,,"US","DESKTOP","google.com",,,"1","100","opinions of electric vehicles","SEARCH","http://www.google.com/search?num=100&q=opinions%20of%20electric%20vehicles","10 Brutal Truths About Owning Electric Cars Buyers Aren't ...","organic","https://www.hotcars.com/brutal-truths-about-owning-electric-cars-buyers-arent-prepared-to-hear/"
"2023-05-01T12:00:00.000Z","May 1, 2023Americans are getting more divided on electric vehicles. · While EVs gain market share, more and more people say don't want one as their next car ...","https://www.businessinsider.com › News","electric vehicles | EVs",,,"May 1, 2023 —","May 1, 2023 —","44",,,"US","DESKTOP","google.com",,,"1","100","opinions of electric vehicles","SEARCH","http://www.google.com/search?num=100&q=opinions%20of%20electric%20vehicles","More and more Americans don't want electric cars","organic","https://www.businessinsider.com/americans-divided-electric-cars-jd-power-study-2023-5"
"2022-09-28T12:00:00.000Z","Sep 28, 2022EVs are not inevitable, far too many things that are fantasyland dreaming to make them actually work mainstream. Missing multiple things enjoyed ...","https://journal.classiccars.com › Car Culture","EVs",,,"Sep 28, 2022 —","Sep 28, 2022 —","45",,,"US","DESKTOP","google.com",,,"1","100","opinions of electric vehicles","SEARCH","http://www.google.com/search?num=100&q=opinions%20of%20electric%20vehicles","Question of the Day: What is your opinion of electric vehicles?","organic","https://journal.classiccars.com/2022/09/28/question-of-the-day-what-is-your-opinion-of-electric-vehicles/"
,"by GL Brase · 2019 · Cited by 36 — by GL Brase · 2019 · Cited by 36A series of studies reveal the very different perceptions of EVs and gas vehicles. Although vehicle choices at the aggregate level were strongly correlated with ...","https://pubmed.ncbi.nlm.nih.gov › ...","perceptions of EVs","Cited by 36 —","2019","by GL Brase","by GL Brase · 2019 · Cited by 36 —","46",,,"US","DESKTOP","google.com",,,"1","100","opinions of electric vehicles","SEARCH","http://www.google.com/search?num=100&q=opinions%20of%20electric%20vehicles","What Would It Take to Get You into an Electric Car? ...","organic","https://pubmed.ncbi.nlm.nih.gov/30260757/"
"2023-02-22T12:00:00.000Z","Feb 22, 2023EVs produce no tailpipe emissions. While charging the battery may increase pollution at the power plant, total emissions associated with driving ...","https://www.epa.gov › greenvehicles › explaining-elec...","EVs",,,"Feb 22, 2023 —","Feb 22, 2023 —","47",,,"US","DESKTOP","google.com",,,"1","100","opinions of electric vehicles","SEARCH","http://www.google.com/search?num=100&q=opinions%20of%20electric%20vehicles","Explaining Electric & Plug-In Hybrid Electric Vehicles","organic","https://www.epa.gov/greenvehicles/explaining-electric-plug-hybrid-electric-vehicles"
"2021-05-19T12:00:00.000Z","May 19, 2021“Cost is another (challenge). Electric vehicles still are more expensive to purchase, although the total cost of ownership … is lower. For an ...","https://today.duke.edu › 2021/05 › experts-discuss-hu...","Electric vehicles",,,"May 19, 2021 —","May 19, 2021 —","48",,,"US","DESKTOP","google.com",,,"1","100","opinions of electric vehicles","SEARCH","http://www.google.com/search?num=100&q=opinions%20of%20electric%20vehicles","Experts Discuss Hurdles, Benefits of Electric Vehicles","organic","https://today.duke.edu/2021/05/experts-discuss-hurdles-benefits-electric-vehicles"
,"Keep in mind that repairing or replacing the motor of a fuel car can cost up to $10.000 and, all things considered, EVs simply require fewer visits to workshops ...","https://blog.wallbox.com › how-do-evs-compare-to-ga...","EVs",,,,,"49",,,"US","DESKTOP","google.com",,,"1","100","opinions of electric vehicles","SEARCH","http://www.google.com/search?num=100&q=opinions%20of%20electric%20vehicles","How Do EVs Compare To Gas Cars?","organic","https://blog.wallbox.com/how-do-evs-compare-to-gas-cars/"
"2023-04-27T12:00:00.000Z","Apr 27, 2023Reviews of the Best Electric Cars · Best Overall and Best Value: Chevrolet Bolt · Best for Features: Tesla Model 3 · Best for Handling: BMW i4.","https://money.com › best-electric-cars","Reviews | Electric Cars",,,"Apr 27, 2023 —","Apr 27, 2023 —","50","26500",,"US","DESKTOP","google.com",,,"1","100","opinions of electric vehicles","SEARCH","http://www.google.com/search?num=100&q=opinions%20of%20electric%20vehicles","The Best Electric Cars of 2023 - Money","organic","https://money.com/best-electric-cars/"
"2023-04-05T12:00:00.000Z","Apr 5, 2023On the most basic level, driving a fully electric vehicle will mean no more trips to fill up at the gas station. In a 2020 study, Consumer ...","https://www.bankrate.com › Loans › Auto Loans","electric vehicle",,,"Apr 5, 2023 —","Apr 5, 2023 —","51",,,"US","DESKTOP","google.com",,,"1","100","opinions of electric vehicles","SEARCH","http://www.google.com/search?num=100&q=opinions%20of%20electric%20vehicles","Electric vs. gas vehicles: Which is better?","organic","https://www.bankrate.com/loans/auto-loans/electric-vs-gas-vehicles/"
"2023-04-23T12:00:00.000Z","Apr 23, 2023That's because maintenance, repair and fuel costs tend to be lower than those for gas cars. The average owner might save more than $6,000 over ...","https://www.cnbc.com › 2023/04/23 › are-evs-or-gasolin...","cars",,,"Apr 23, 2023 —","Apr 23, 2023 —","52",,,"US","DESKTOP","google.com",,,"1","100","opinions of electric vehicles","SEARCH","http://www.google.com/search?num=100&q=opinions%20of%20electric%20vehicles","Are gas-powered or electric vehicles a better deal? EVs ...","organic","https://www.cnbc.com/2023/04/23/are-evs-or-gasoline-cars-a-better-deal.html"
,"Best Electric Cars ; #12023 Chevrolet Bolt EV · 2023 Chevrolet Bolt EV · MT Score8.6/10. MPG131/109 · $26,500 - $29,700 ; #22023 Kia Niro EV · 2023 Kia Niro EV · MT ...","https://www.motortrend.com › Best Cars › Electric Car","Electric Cars",,,,,"53",,,"US","DESKTOP","google.com",,,"1","100","opinions of electric vehicles","SEARCH","http://www.google.com/search?num=100&q=opinions%20of%20electric%20vehicles","Best Electric Cars - Top Rated Electric Car Models","organic","https://www.motortrend.com/style/electric/"
"2022-11-18T12:00:00.000Z","Nov 18, 2022The global electric vehicle market has adapted to increasing environmental concerns from consumers and governments alike. Estimates for plug-in ...","https://www.statista.com › ... › Vehicles & Road Traffic","electric vehicle",,,"Nov 18, 2022 —","Nov 18, 2022 —","54",,,"US","DESKTOP","google.com",,,"1","100","opinions of electric vehicles","SEARCH","http://www.google.com/search?num=100&q=opinions%20of%20electric%20vehicles","Electric Vehicle Consumers Worldwide - Statistics & Facts","organic","https://www.statista.com/topics/9971/electric-vehicle-consumers-worldwide/"
,"","https://www.topgear.com › car-news › top-gears-top-2...","",,,,,"55",,,"US","DESKTOP","google.com",,,"1","100","opinions of electric vehicles","SEARCH","http://www.google.com/search?num=100&q=opinions%20of%20electric%20vehicles","Top Gear's top 20 electric cars","organic","https://www.topgear.com/car-news/electric/top-gears-top-20-electric-cars"
"2019-05-13T12:00:00.000Z","May 13, 2019Other recent studies of electric cars in Germany have reached the opposite conclusion. One study found that emissions from EVs have emissions up ...","https://www.carbonbrief.org › factcheck-how-electric-...","electric cars | EVs",,,"May 13, 2019 —","May 13, 2019 —","56",,,"US","DESKTOP","google.com",,,"1","100","opinions of electric vehicles","SEARCH","http://www.google.com/search?num=100&q=opinions%20of%20electric%20vehicles","Factcheck: How electric vehicles help to tackle climate ...","organic","https://www.carbonbrief.org/factcheck-how-electric-vehicles-help-to-tackle-climate-change/"
,"Compared to conventional internal combustion engine (ICE) vehicles, electric cars are quieter, more responsive, have superior energy conversion efficiency and ...","https://en.wikipedia.org › wiki › Electric_car","electric cars",,,,,"57",,,"US","DESKTOP","google.com",,,"1","100","opinions of electric vehicles","SEARCH","http://www.google.com/search?num=100&q=opinions%20of%20electric%20vehicles","Electric car","organic","https://en.wikipedia.org/wiki/Electric_car"
,"They are fun to drive and are fine. As long as you are just looking for a toy or need a car to tool around town and have the funds to have a charger installed, ...","https://www.quora.com › What-is-your-opinion-on-elect...","car",,,,,"58",,,"US","DESKTOP","google.com",,,"1","100","opinions of electric vehicles","SEARCH","http://www.google.com/search?num=100&q=opinions%20of%20electric%20vehicles","What is your opinion on electric vehicles?","organic","https://www.quora.com/What-is-your-opinion-on-electric-vehicles"
"2022-06-18T12:00:00.000Z","Jun 18, 2022The problem isn't while cruising around town, where the emissions from EVs (there are none) are far superior to their gas-guzzling counterparts.","https://www.jpost.com › Opinion","EVs",,,"Jun 18, 2022 —","Jun 18, 2022 —","59",,,"US","DESKTOP","google.com",,,"1","100","opinions of electric vehicles","SEARCH","http://www.google.com/search?num=100&q=opinions%20of%20electric%20vehicles","Will electric cars cure climate change or make it worse?","organic","https://www.jpost.com/opinion/article-709631"
"2023-06-12T12:00:00.000Z","Jun 12, 2023","https://www.cars.com › News","",,,"Jun 12, 2023 —","Jun 12, 2023 —","60",,,"US","DESKTOP","google.com",,,"1","100","opinions of electric vehicles","SEARCH","http://www.google.com/search?num=100&q=opinions%20of%20electric%20vehicles","Top 10 Most Efficient Electric Cars","organic","https://www.cars.com/articles/top-10-most-efficient-electric-cars-447501/"
"2026-06-28T10:50:31.795Z","Plug In America has been surveying electric vehicle (EV) ... insight into the opinions and habits of the growing number of EV consumers.","https://pluginamerica.org › survey","electric vehicle | opinions",,,,,"61",,,"US","DESKTOP","google.com",,,"1","100","opinions of electric vehicles","SEARCH","http://www.google.com/search?num=100&q=opinions%20of%20electric%20vehicles","Research","organic","https://pluginamerica.org/survey/"
"2023-01-11T12:00:00.000Z","Jan 11, 2023In December last year, the president of Toyota warned that in the car industry, the 'silent majority is wondering whether EVs are really OK to ...","https://www.am-online.com › opinion › 2023/01/11","EVs",,,"Jan 11, 2023 —","Jan 11, 2023 —","62",,,"US","DESKTOP","google.com",,,"1","100","opinions of electric vehicles","SEARCH","http://www.google.com/search?num=100&q=opinions%20of%20electric%20vehicles","Opinion: 2023 will be the year to wake up from electric cars ...","organic","https://www.am-online.com/opinion/2023/01/11/opinion-2023-will-be-the-year-to-wake-up-from-electric-cars-dream"
"2022-10-13T12:00:00.000Z","Oct 13, 2022But electric cars are actually much, much better in terms of the impact on the climate in comparison to internal combustion vehicles. And in ...","https://climate.mit.edu › ask-mit › are-electric-vehicles...","electric cars",,,"Oct 13, 2022 —","Oct 13, 2022 —","63",,,"US","DESKTOP","google.com",,,"1","100","opinions of electric vehicles","SEARCH","http://www.google.com/search?num=100&q=opinions%20of%20electric%20vehicles","Are electric vehicles definitely better for the climate than gas ...","organic","https://climate.mit.edu/ask-mit/are-electric-vehicles-definitely-better-climate-gas-powered-cars"
,"See the latest electric car reviews available on Electrifying.com. From top brands to complete newcomers, we have it all. Check it out now.","https://www.electrifying.com › reviews","electric car reviews",,,,,"64",,,"US","DESKTOP","google.com",,,"1","100","opinions of electric vehicles","SEARCH","http://www.google.com/search?num=100&q=opinions%20of%20electric%20vehicles","Electric Car Reviews","organic","https://www.electrifying.com/reviews"
"2023-05-23T12:00:00.000Z","May 23, 2023Sales of electric cars are booming, and no wonder: the best are quiet, cheap to run and smooth to drive. But which are the brightest sparks ...","https://www.whatcar.com › Best","electric cars",,,"May 23, 2023 —","May 23, 2023 —","65",,,"US","DESKTOP","google.com",,,"1","100","opinions of electric vehicles","SEARCH","http://www.google.com/search?num=100&q=opinions%20of%20electric%20vehicles","Best electric cars 2023","organic","https://www.whatcar.com/best/best-electric-cars-2023/n17000"
"2021-08-30T12:00:00.000Z","Aug 30, 2021Electric vehicle model availability is increasing, however most new electric vehicles are luxury vehicles or SUVs which cost more than early ...","https://sciencepolicyreview.org › Blog","Electric vehicle | electric vehicles",,,"Aug 30, 2021 —","Aug 30, 2021 —","66",,,"US","DESKTOP","google.com",,,"1","100","opinions of electric vehicles","SEARCH","http://www.google.com/search?num=100&q=opinions%20of%20electric%20vehicles","A perspective on equity in the transition to electric vehicles","organic","https://sciencepolicyreview.org/2021/08/equity-transition-electric-vehicles/"
,"The Benefits of Electric Vehicles - Pros · Smaller Carbon Footprint · EVs cost less to operate · Lower Maintenance Needs / costs · High Performance / Energy ...","https://www.koehnechevy.com › electric › why-electri...","Electric Vehicles | EVs",,,,,"67",,,"US","DESKTOP","google.com",,,"1","100","opinions of electric vehicles","SEARCH","http://www.google.com/search?num=100&q=opinions%20of%20electric%20vehicles","Pros and Cons of Electric Cars (EVs)","organic","https://www.koehnechevy.com/electric/why-electric-vehicles-evs"
"2023-04-11T12:00:00.000Z","Apr 11, 2023Thanks to their inflated mileage, selling relatively few EVs pulls up a manufacturer's overall CAFE rating dramatically. Giving too much credit ...","https://www.reuters.com › breakingviews › electric-cars-...","EVs",,,"Apr 11, 2023 —","Apr 11, 2023 —","68",,,"US","DESKTOP","google.com",,,"1","100","opinions of electric vehicles","SEARCH","http://www.google.com/search?num=100&q=opinions%20of%20electric%20vehicles","Electric cars get a reality check","organic","https://www.reuters.com/breakingviews/electric-cars-get-reality-check-2023-04-11/"
,"... overview of the barriers and facilitators to the wider adoption of electric vehicles. ... a review of barriers, facilitators and policy interventions.","https://www.rand.org › pubs › working_papers","electric vehicles | review",,,,,"69",,,"US","DESKTOP","google.com",,,"1","100","opinions of electric vehicles","SEARCH","http://www.google.com/search?num=100&q=opinions%20of%20electric%20vehicles","Bringing the electric vehicle to the mass market","organic","https://www.rand.org/pubs/working_papers/WR775.html"
,"by MS Hossain · 2022 · Cited by 9 — by MS Hossain · 2022 · Cited by 9The proposed review studies have summarized the elements that can promote the integration of electric vehicle technology. The innovation of the EV has just ...","https://www.hindawi.com › journals › jat","review | electric vehicle","Cited by 9 —","2022","by MS Hossain","by MS Hossain · 2022 · Cited by 9 —","70",,,"US","DESKTOP","google.com",,,"1","100","opinions of electric vehicles","SEARCH","http://www.google.com/search?num=100&q=opinions%20of%20electric%20vehicles","A Comprehensive Review on the Integration of Electric ...","organic","https://www.hindawi.com/journals/jat/2022/3868388/"
,"It is a companion to the Center's “Plug-in Electric Vehicles Market: State of Play.” The subjects covered include vehicles, electricity, the passenger vehicle ...","https://www.c2es.org › Publications","Electric Vehicles",,,,,"71",,,"US","DESKTOP","google.com",,,"1","100","opinions of electric vehicles","SEARCH","http://www.google.com/search?num=100&q=opinions%20of%20electric%20vehicles","Plug-in Electric Vehicles: Literature Review","organic","https://www.c2es.org/document/plug-in-electric-vehicles-literature-review/"
"2022-11-15T12:00:00.000Z","Nov 15, 2022Electric vehicles and pickups are the least reliable vehicles sold in America, whereas hybrids and sedans are the most reliable, ...","https://news.yahoo.com › electric-vehicles-are-not-reli...","Electric vehicles",,,"Nov 15, 2022 —","Nov 15, 2022 —","72",,,"US","DESKTOP","google.com",,,"1","100","opinions of electric vehicles","SEARCH","http://www.google.com/search?num=100&q=opinions%20of%20electric%20vehicles","Electric vehicles are not reliable — yet: Consumer Reports","organic","https://news.yahoo.com/electric-vehicles-are-not-reliable-yet-consumer-reports-202238972.html"
"2023-03-15T12:00:00.000Z","Mar 15, 2023We gather data from the best available sources, including vendor and retailer listings as well as other relevant and independent reviews sites.","https://www.zdnet.com › ... › Electric Vehicles","reviews",,,"Mar 15, 2023 —","Mar 15, 2023 —","73",,,"US","DESKTOP","google.com",,,"1","100","opinions of electric vehicles","SEARCH","http://www.google.com/search?num=100&q=opinions%20of%20electric%20vehicles","The best electric cars of 2023","organic","https://www.zdnet.com/article/best-electric-car/"
,"The sales share of electric cars increased by 4 percentage points in 2021. The Net Zero Emissions by 2050 Scenario sees an electric car fleet of over 300 ...","https://www.iea.org › reports › electric-vehicles","electric cars | electric car",,,,,"74",,,"US","DESKTOP","google.com",,,"1","100","opinions of electric vehicles","SEARCH","http://www.google.com/search?num=100&q=opinions%20of%20electric%20vehicles","Electric Vehicles – Analysis","organic","https://www.iea.org/reports/electric-vehicles"
,"by JA Sanguesa · 2021 · Cited by 428 — by JA Sanguesa · 2021 · Cited by 428Reliability: having less, and more simple, components makes this type of vehicles have fewer breakdowns. In addition, EVs do not suffer of the inherent wear and ...","https://www.mdpi.com › ...","EVs","Cited by 428 —","2021","by JA Sanguesa","by JA Sanguesa · 2021 · Cited by 428 —","75",,,"US","DESKTOP","google.com",,,"1","100","opinions of electric vehicles","SEARCH","http://www.google.com/search?num=100&q=opinions%20of%20electric%20vehicles","A Review on Electric Vehicles: Technologies and Challenges","organic","https://www.mdpi.com/2624-6511/4/1/22"
"2022-12-30T12:00:00.000Z","Dec 30, 2022Because electric vehicles are more efficient in converting energy to power cars and trucks, electricity across the board is cleaner and cheaper ...","https://earthjustice.org › electric-vehicles-explainer","electric vehicles",,,"Dec 30, 2022 —","Dec 30, 2022 —","76",,,"US","DESKTOP","google.com",,,"1","100","opinions of electric vehicles","SEARCH","http://www.google.com/search?num=100&q=opinions%20of%20electric%20vehicles","Electric vehicles are not just the wave of the future, they are ...","organic","https://earthjustice.org/feature/electric-vehicles-explainer"
"2018-03-12T12:00:00.000Z","Mar 12, 2018Electric vehicles can also save you on maintenance costs. Battery EVs have no gasoline engine, they do not need oil changes, spark plugs, or ...","https://www.ucsusa.org › resources › top-five-reasons-...","Electric vehicles | EVs",,,"Mar 12, 2018 —","Mar 12, 2018 —","77",,,"US","DESKTOP","google.com",,,"1","100","opinions of electric vehicles","SEARCH","http://www.google.com/search?num=100&q=opinions%20of%20electric%20vehicles","Top Five Reasons to Choose an Electric Car","organic","https://www.ucsusa.org/resources/top-five-reasons-choose-electric-car"
"2022-12-07T12:00:00.000Z","Dec 7, 2022More EVs are charging up in garages and parking lots around the globe, mainly thanks to the foundation of these early electric pioneers. For a ...","https://www.forbes.com › Wheels › Best › Electric Cars","EVs",,,"Dec 7, 2022 —","Dec 7, 2022 —","78","25600",,"US","DESKTOP","google.com",,,"1","100","opinions of electric vehicles","SEARCH","http://www.google.com/search?num=100&q=opinions%20of%20electric%20vehicles","Best Electric Cars For 2023","organic","https://www.forbes.com/wheels/best/electric-cars/"
"2023-05-19T12:00:00.000Z","May 19, 2023It may not be as powerful as a Tesla Model X, or offer quite as much range as other electric cars, but it's still a great option for someone ...","https://www.tomsguide.com › Best Picks › Car Tech","electric cars",,,"May 19, 2023 —","May 19, 2023 —","79","27400",,"US","DESKTOP","google.com",,,"1","100","opinions of electric vehicles","SEARCH","http://www.google.com/search?num=100&q=opinions%20of%20electric%20vehicles","The best electric cars","organic","https://www.tomsguide.com/best-picks/best-electric-cars-today"
"2023-03-06T12:00:00.000Z","Mar 6, 2023While 40% of consumers making less than $35,000 cite cost as a top worry for EVs, just 28% of six-figure earners express similar concerns. That ...","https://www.valuepenguin.com › ... › Auto Insurance","EVs",,,"Mar 6, 2023 —","Mar 6, 2023 —","80",,,"US","DESKTOP","google.com",,,"1","100","opinions of electric vehicles","SEARCH","http://www.google.com/search?num=100&q=opinions%20of%20electric%20vehicles","Why Millions of Americans Aren't Buying Electric Vehicles","organic","https://www.valuepenguin.com/electric-vehicle-concerns-survey"
"2023-04-18T12:00:00.000Z","Apr 18, 2023Since gasoline prices have risen sharply again, some car buyer may imagine buying an electric vehicle, but the cost of the vehicles, the ...","https://www.timesfreepress.com › news › apr › opinio...","electric vehicle",,,"Apr 18, 2023 —","Apr 18, 2023 —","81",,,"US","DESKTOP","google.com",,,"1","100","opinions of electric vehicles","SEARCH","http://www.google.com/search?num=100&q=opinions%20of%20electric%20vehicles","Opinion: New rules on electric vehicles credits not good for ...","organic","https://www.timesfreepress.com/news/2023/apr/18/opinion-new-rules-on-electric-vehicles/"
"2023-02-17T12:00:00.000Z","Feb 17, 2023","https://thehill.com › opinion › energy-environment","",,,"Feb 17, 2023 —","Feb 17, 2023 —","82",,,"US","DESKTOP","google.com",,,"1","100","opinions of electric vehicles","SEARCH","http://www.google.com/search?num=100&q=opinions%20of%20electric%20vehicles","Electric vehicles alone won't take us to a decarbonized future","organic","https://thehill.com/opinion/energy-environment/3861795-electric-vehicles-alone-wont-take-us-to-a-decarbonized-future/"
,"by MMAM Alia · Cited by 1 — by MMAM Alia · Cited by 1[Abstract] Electric Vehicle (E- vehicle) has emerged as a boon to the world struggling with disastrous environmental impact of consuming fossil fuel and the ...","http://www.americanscholarspress.us › IMR › pdf","Electric Vehicle",,"Cited by 1 —","by MMAM Alia","by MMAM Alia · Cited by 1 —","83",,,"US","DESKTOP","google.com",,,"1","100","opinions of electric vehicles","SEARCH","http://www.google.com/search?num=100&q=opinions%20of%20electric%20vehicles","E-Vehicle: Literature Review","organic","http://www.americanscholarspress.us/journals/IMR/pdf/IMR-2-2022/IMR2022FAllspecil-art10.pdf"
"2023-01-11T12:00:00.000Z","Jan 11, 2023But for now, there's a mismatch in weight between EVs and smaller internal combustion vehicles. EVs also deliver instant power to their wheels, ...","https://www.npr.org › 2023/01/11 › ntsb-heavy-electric-...","EVs | EVs",,,"Jan 11, 2023 —","Jan 11, 2023 —","84",,,"US","DESKTOP","google.com",,,"1","100","opinions of electric vehicles","SEARCH","http://www.google.com/search?num=100&q=opinions%20of%20electric%20vehicles","NTSB head warns of risks posed by heavy electric vehicles","organic","https://www.npr.org/2023/01/11/1148483758/ntsb-heavy-electric-vehicles-safety-risks"
"2022-05-25T12:00:00.000Z","May 25, 2022Without spark plugs to replace or oil to change, electric vehicles have a clear leg up on maintenance costs. Electric cars do still require some ...","https://www.nrdc.org › stories › electric-vs-gas-cars-it-...","electric vehicles | Electric cars",,,"May 25, 2022 —","May 25, 2022 —","85",,,"US","DESKTOP","google.com",,,"1","100","opinions of electric vehicles","SEARCH","http://www.google.com/search?num=100&q=opinions%20of%20electric%20vehicles","Electric vs. Gas Cars: Is It Cheaper to Drive an EV?","organic","https://www.nrdc.org/stories/electric-vs-gas-cars-it-cheaper-drive-ev"
"2022-08-17T12:00:00.000Z","Aug 17, 2022Young people's opinion on the electric car ... Of those who had the opportunity to get into an electric car, 41% of respondents were amazed by the ...","https://daze.eu › electric-mobility › electric-cars-youn...","opinion | electric car | electric car",,,"Aug 17, 2022 —","Aug 17, 2022 —","86",,,"US","DESKTOP","google.com",,,"1","100","opinions of electric vehicles","SEARCH","http://www.google.com/search?num=100&q=opinions%20of%20electric%20vehicles","Electric cars: what young people think about them","organic","https://daze.eu/electric-mobility/electric-cars-young-people/"
"2023-02-28T12:00:00.000Z","Feb 28, 2023Satisfaction among owners of premium EVs averages 756, while satisfaction among mass market EV owners averages 730. The U.S. Electric Vehicle ...","https://www.jdpower.com › business › press-releases","EVs | Electric Vehicle",,,"Feb 28, 2023 —","Feb 28, 2023 —","87",,,"US","DESKTOP","google.com",,,"1","100","opinions of electric vehicles","SEARCH","http://www.google.com/search?num=100&q=opinions%20of%20electric%20vehicles","2023 U.S. Electric Vehicle Experience (EVX) Ownership ...","organic","https://www.jdpower.com/business/press-releases/2023-us-electric-vehicle-experience-evx-ownership-study"
"2022-08-12T12:00:00.000Z","Aug 12, 2022Aside from fuel cost, maintenance costs of EVs are also 30%-40% lower than gasoline vehicles per mile basis, making these vehicles much cheaper ...","https://www.icf.com › insights › transportation › how-...","EVs",,,"Aug 12, 2022 —","Aug 12, 2022 —","88",,,"US","DESKTOP","google.com",,,"1","100","opinions of electric vehicles","SEARCH","http://www.google.com/search?num=100&q=opinions%20of%20electric%20vehicles","How Affordable Are Electric Vehicles?","organic","https://www.icf.com/insights/transportation/how-affordable-electric-vehicles"
"2021-06-10T12:00:00.000Z","Jun 10, 2021EVs can truly bring about a transportation revolution—but not if we charge them like gas-powered cars.","https://www.inquirer.com › opinion › commentary › e...","EVs",,,"Jun 10, 2021 —","Jun 10, 2021 —","89",,,"US","DESKTOP","google.com",,,"1","100","opinions of electric vehicles","SEARCH","http://www.google.com/search?num=100&q=opinions%20of%20electric%20vehicles","It's time to cut the cord on electric vehicles | Opinion","organic","https://www.inquirer.com/opinion/commentary/electric-vehicles-wireless-charging-pennsylvania-20210610.html"
"2023-02-22T12:00:00.000Z","Feb 22, 2023But there's just one nagging issue that no amount of technical innovation can solve: Electric cars are still cars. Outside of tailpipe emissions ...","https://www.theglobeandmail.com › commentary › art...","Electric cars",,,"Feb 22, 2023 —","Feb 22, 2023 —","90",,,"US","DESKTOP","google.com",,,"1","100","opinions of electric vehicles","SEARCH","http://www.google.com/search?num=100&q=opinions%20of%20electric%20vehicles","Opinion: No, electric cars are not the magic pill to save us ...","organic","https://www.theglobeandmail.com/business/commentary/article-electric-cars-emissions-climate-change/"
"2023-03-31T12:00:00.000Z","Mar 31, 2023In fact, all of the progress EVs have made over the years may make them a better option than a gas vehicle. On this page. 1. Electric range is ...","https://www.solarreviews.com › Blog","EVs",,,"Mar 31, 2023 —","Mar 31, 2023 —","91",,,"US","DESKTOP","google.com",,,"1","100","opinions of electric vehicles","SEARCH","http://www.google.com/search?num=100&q=opinions%20of%20electric%20vehicles","6 reasons electric cars are better than gas cars in 2023","organic","https://www.solarreviews.com/blog/electric-cars-vs-gas-cars"
"2022-07-22T12:00:00.000Z","Jul 22, 2022The report concluded that traditional mid-priced 2021 cars have a cost advantage over mid-priced EVs after factoring in electricity costs, ...","https://www.foxbusiness.com › politics › experts-slam-...","EVs",,,"Jul 22, 2022 —","Jul 22, 2022 —","92",,,"US","DESKTOP","google.com",,,"1","100","opinions of electric vehicles","SEARCH","http://www.google.com/search?num=100&q=opinions%20of%20electric%20vehicles","Experts slam Pete Buttigieg's comments on EVs: 'A con job'","organic","https://www.foxbusiness.com/politics/experts-slam-pete-buttigieg-comments-evs-con-job"
"2022-05-23T12:00:00.000Z","May 23, 2022The top motivator in EV sales remains environmental concern, while penalties with ICE vehicles and EV incentives emerge. Learn more.","https://www.ey.com › mobility-consumer-index-wave-3","vehicles",,,"May 23, 2022 —","May 23, 2022 —","93",,,"US","DESKTOP","google.com",,,"1","100","opinions of electric vehicles","SEARCH","http://www.google.com/search?num=100&q=opinions%20of%20electric%20vehicles","Why consumers are charging toward electric vehicles","organic","https://www.ey.com/en_gl/automotive-transportation/mobility-consumer-index-wave-3"
"2023-02-14T12:00:00.000Z","Feb 14, 2023To be sure, the electric car is coming in larger numbers. Its growth will be steady in the coming decade. And it will help chip away at ...","https://www.chicagotribune.com › opinion › commentary","electric car",,,"Feb 14, 2023 —","Feb 14, 2023 —","94",,,"US","DESKTOP","google.com",,,"1","100","opinions of electric vehicles","SEARCH","http://www.google.com/search?num=100&q=opinions%20of%20electric%20vehicles","Op-ed: Electric vehicle adoption faces a middle-class ...","organic","https://www.chicagotribune.com/opinion/commentary/ct-opinion-electric-vehicles-cost-tesla-middle-class-20230214-wvswbpm7era3xg2wuschzpin7y-story.html"
"2022-08-23T12:00:00.000Z","Aug 23, 2022","https://www.alreporter.com › 2022/08/23 › opinion-el...","",,,"Aug 23, 2022 —","Aug 23, 2022 —","95",,,"US","DESKTOP","google.com",,,"1","100","opinions of electric vehicles","SEARCH","http://www.google.com/search?num=100&q=opinions%20of%20electric%20vehicles","Opinion | Electric vehicles are the future. Alabama must ...","organic","https://www.alreporter.com/2022/08/23/opinion-electric-vehicles-are-the-future-alabama-must-make-sure-it-has-a-place/"
"2022-11-16T12:00:00.000Z","Nov 16, 2022One of the biggest hurdles to adopting electric cars is figuring out where everyone will charge. A lot of people can't charge at home like those ...","https://komonews.com › news › local › electric-vehicl...","electric cars",,,"Nov 16, 2022 —","Nov 16, 2022 —","96",,,"US","DESKTOP","google.com",,,"1","100","opinions of electric vehicles","SEARCH","http://www.google.com/search?num=100&q=opinions%20of%20electric%20vehicles","Opinions vary on Inslee's plan to stop selling new gas- ...","organic","https://komonews.com/news/local/electric-vehicles-evs-gas-powered-cars-auto-inslee-washington-state-opinions-vary-plan-2030-california"
"2021-11-02T12:00:00.000Z","Nov 2, 2021Access to Electric Vehicles Is an Environmental Justice Issue · LACK OF EVs HAS DISPROPORTIONATE EFFECTS · EXPANDED PASSENGER CHARGING IS PICKING ...","https://www.scientificamerican.com › article › access-t...","Electric Vehicles | EVs",,,"Nov 2, 2021 —","Nov 2, 2021 —","97",,,"US","DESKTOP","google.com",,,"1","100","opinions of electric vehicles","SEARCH","http://www.google.com/search?num=100&q=opinions%20of%20electric%20vehicles","Access to Electric Vehicles Is an Environmental Justice Issue","organic","https://www.scientificamerican.com/article/access-to-electric-vehicles-is-an-environmental-justice-issue/"
"2022-08-09T12:00:00.000Z","Aug 9, 2022Electric vehicles tend to produce fewer emissions over their life cycles than equivalent vehicles powered by fossil fuels, but the framing often ...","https://www.cbc.ca › news › opinion › opinion-electri...","Electric vehicles",,,"Aug 9, 2022 —","Aug 9, 2022 —","98",,,"US","DESKTOP","google.com",,,"1","100","opinions of electric vehicles","SEARCH","http://www.google.com/search?num=100&q=opinions%20of%20electric%20vehicles","Shifting to EVs is not enough. The deeper problem is our ...","organic","https://www.cbc.ca/news/opinion/opinion-electric-vehicles-car-dependence-1.6534893"
,"The United States of America (U.S.A. or USA), commonly known as the United States (U.S. or US) or America, is a country primarily located in North America.","https://en.wikipedia.org › wiki › United_States","United States | United States | U.S. | US",,,,,"1",,,"US","DESKTOP","google.com",,,"1","100","US","SEARCH","http://www.google.com/search?num=100&q=US","United States","organic","https://en.wikipedia.org/wiki/United_States"
,"Us: Directed by Jordan Peele. With Lupita Nyong'o, Winston Duke, Elisabeth Moss, Tim Heidecker. A family's serene beach vacation turns to chaos when their ...","https://www.imdb.com › title","Us",,,,,"2",,"6.8","US","DESKTOP","google.com",,,"1","100","US","SEARCH","http://www.google.com/search?num=100&q=US","Us (2019)","organic","https://www.imdb.com/title/tt6857112/"
,"Get today's top celebrity news, celebrity photos, style tips, exclusive video, and more on UsMagazine.com, the official website of Us Weekly.","https://www.usmagazine.com","Us",,,,,"3",,,"US","DESKTOP","google.com",,,"1","100","US","SEARCH","http://www.google.com/search?num=100&q=US","Us Weekly: Latest Celebrity News, Pictures & Entertainment","organic","https://www.usmagazine.com/"
,"Bank smarter with U.S. Bank and browse personal and consumer banking services including checking and savings accounts, mortgages, home equity loans, ...","https://www.usbank.com","U.S.",,,,,"4",,,"US","DESKTOP","google.com",,,"1","100","US","SEARCH","http://www.google.com/search?num=100&q=US","U.S. Bank: Consumer banking | Personal banking","organic","https://www.usbank.com/index.html"
,"","https://www.state.gov","",,,,,"5",,,"US","DESKTOP","google.com",,,"1","100","US","SEARCH","http://www.google.com/search?num=100&q=US","U.S. Department of State - United States Department of State","organic","https://www.state.gov/"
,"US News is a recognized leader in college, grad school, hospital, mutual fund, and car rankings. Track elected officials, research health conditions, ...","https://www.usnews.com","US",,,,,"6",,,"US","DESKTOP","google.com",,,"1","100","US","SEARCH","http://www.google.com/search?num=100&q=US","U.S. News & World Report: News, Rankings and Analysis ...","organic","https://www.usnews.com/"
,"","https://www.ed.gov","",,,,,"7",,,"US","DESKTOP","google.com",,,"1","100","US","SEARCH","http://www.google.com/search?num=100&q=US","Home | U.S. Department of Education","organic","https://www.ed.gov/"
,"","https://www.bls.gov","",,,,,"8",,,"US","DESKTOP","google.com",,,"1","100","US","SEARCH","http://www.google.com/search?num=100&q=US","U.S. Bureau of Labor Statistics","organic","https://www.bls.gov/"
,"The mission of the United States Embassy is to advance the interests of the United States, and to serve and protect U.S. citizens.","https://www.usembassy.gov","United States | United States | U.S.",,,,,"9",,,"US","DESKTOP","google.com",,,"1","100","US","SEARCH","http://www.google.com/search?num=100&q=US","Official list of embassies from the U.S. Department of State","organic","https://www.usembassy.gov/"
,"","https://www.defense.gov","",,,,,"10",,,"US","DESKTOP","google.com",,,"1","100","US","SEARCH","http://www.google.com/search?num=100&q=US","U.S. Department of Defense","organic","https://www.defense.gov/"
,"Check out our new report, ""Uses of Decennial Census Programs Data in Federal Funds Distribution: Fiscal Year 2021."" Skip Header. United States Census Bureau.","https://www.census.gov","United States",,,,,"11",,,"US","DESKTOP","google.com",,,"1","100","US","SEARCH","http://www.google.com/search?num=100&q=US","Census Bureau","organic","https://www.census.gov/"
,"Frontline: U.S. Candidate Ian Saunders. Mr. Saunders discussing his campaign with one of the guests at his reception. While campaigning for the top job at the ...","https://www.cbp.gov","U.S.",,,,,"12",,,"US","DESKTOP","google.com",,,"1","100","US","SEARCH","http://www.google.com/search?num=100&q=US","U.S. Customs and Border Protection","organic","https://www.cbp.gov/"
,"The U.S. Securities and Exchange Commission wants to hear from you! We want your input on proposals and other pertinent issues and topics. We want to know what ...","https://www.sec.gov","U.S.",,,,,"13",,,"US","DESKTOP","google.com",,,"1","100","US","SEARCH","http://www.google.com/search?num=100&q=US","SEC.gov | HOME","organic","https://www.sec.gov/"
,"U.S. Capitol dome at night. Find Your Representative. Your member's website and contact form are available around the clock. Identify your member and let ...","http://www.house.gov","U.S.",,,,,"14",,,"US","DESKTOP","google.com",,,"1","100","US","SEARCH","http://www.google.com/search?num=100&q=US","Homepage | house.gov","organic","http://www.house.gov/"
,"Official website of the U.S. Department of Justice (DOJ). DOJ's mission is to enforce the law and defend the interests of the United States according to the ...","https://www.justice.gov","U.S. | United States",,,,,"15",,,"US","DESKTOP","google.com",,,"1","100","US","SEARCH","http://www.google.com/search?num=100&q=US","Department of Justice | Homepage | United States Department ...","organic","https://www.justice.gov/"
,"","https://www.senate.gov","",,,,,"16",,,"US","DESKTOP","google.com",,,"1","100","US","SEARCH","http://www.google.com/search?num=100&q=US","U.S. Senate","organic","https://www.senate.gov/"
,"Commerce.gov is the official website of the United States Department of Commerce and Secretary of Commerce.","https://www.commerce.gov","United States",,,,,"17",,,"US","DESKTOP","google.com",,,"1","100","US","SEARCH","http://www.google.com/search?num=100&q=US","U.S. Department of Commerce","organic","https://www.commerce.gov/"
,"U.S. Department of Homeland Security logo ... announced the next phase of its surge campaign to target and prevent fentanyl from entering the United States.","https://www.dhs.gov","U.S. | United States",,,,,"18",,,"US","DESKTOP","google.com",,,"1","100","US","SEARCH","http://www.google.com/search?num=100&q=US","Homeland Security: Home","organic","https://www.dhs.gov/"
,"U.S. Department of Homeland Security Seal, U.S. Citizenship and Immigration Services ... Many people want to come to the United States to work.","https://www.uscis.gov","U.S. | U.S. | United States",,,,,"19",,,"US","DESKTOP","google.com",,,"1","100","US","SEARCH","http://www.google.com/search?num=100&q=US","USCIS: Home","organic","https://www.uscis.gov/"
,"","https://www.transportation.gov","",,,,,"20",,,"US","DESKTOP","google.com",,,"1","100","US","SEARCH","http://www.google.com/search?num=100&q=US","U.S. Department of Transportation","organic","https://www.transportation.gov/"
,"Tools · Financial Sanctions · Daily Interest Rates · Treasury Hunt · Bureaus · Inspector General Sites · U.S. Government Shared Services · Additional Resources · Other ...","https://www.treasury.gov","U.S.",,,,,"21",,,"US","DESKTOP","google.com",,,"1","100","US","SEARCH","http://www.google.com/search?num=100&q=US","Front page | U.S. Department of the Treasury","organic","https://www.treasury.gov/"
,"U.S. flag. An official website of the United States ...","https://www.dol.gov","U.S. | United States",,,,,"22",,,"US","DESKTOP","google.com",,,"1","100","US","SEARCH","http://www.google.com/search?num=100&q=US","U.S. Department of Labor: Home","organic","https://www.dol.gov/"
,"Welcome to the home of U.S. Soccer, where you can find the latest USMNT and USWNT soccer news, rosters, tournament results, scoring highlights and much more ...","https://www.ussoccer.com","U.S. Soccer",,,,,"23",,,"US","DESKTOP","google.com",,,"1","100","US","SEARCH","http://www.google.com/search?num=100&q=US","U.S. Soccer Official Website | USWNT & USMNT","organic","https://www.ussoccer.com/"
,"Explore U.S. circulating coins, bullion, and collectibles. Find information on U.S. Mint public tours, numismatic news, and our product schedule.","https://www.usmint.gov","U.S. | U.S.",,,,,"24",,,"US","DESKTOP","google.com",,,"1","100","US","SEARCH","http://www.google.com/search?num=100&q=US","Official Site of the United States Mint","organic","https://www.usmint.gov/"
,"","https://www.fda.gov","",,,,,"25",,,"US","DESKTOP","google.com",,,"1","100","US","SEARCH","http://www.google.com/search?num=100&q=US","U.S. Food and Drug Administration","organic","https://www.fda.gov/"
,"United States federal agency that manages national wildlife refuges, protects endangered species, manages migratory birds, restores nationally significant ...","https://www.fws.gov","United States",,,,,"26",,,"US","DESKTOP","google.com",,,"1","100","US","SEARCH","http://www.google.com/search?num=100&q=US","U.S. Fish and Wildlife Service","organic","https://www.fws.gov/"
,"U.S. flag. An official website of the United States government. Here's how you know. Dot gov ... Featured. U.S Forest Service Shield ...","https://www.usda.gov","U.S. | United States | U.S",,,,,"27",,,"US","DESKTOP","google.com",,,"1","100","US","SEARCH","http://www.google.com/search?num=100&q=US","USDA","organic","https://www.usda.gov/"
,"U.S. flag. An official website of the United States government. Here's how you know. Here's how you know. Official websites use .gov. A .gov website belongs ...","https://www.sba.gov","U.S. | United States",,,,,"28",,,"US","DESKTOP","google.com",,,"1","100","US","SEARCH","http://www.google.com/search?num=100&q=US","Small Business Administration","organic","https://www.sba.gov/"
,"U.S. Environmental Protection Agency · Celebrating Ocean Month. Oceans are home to an array of aquatic life, a playground for recreation, and a critical resource ...","https://www.epa.gov","U.S.",,,,,"29",,,"US","DESKTOP","google.com",,,"1","100","US","SEARCH","http://www.google.com/search?num=100&q=US","U.S. Environmental Protection Agency | US EPA","organic","https://www.epa.gov/"
,"","https://www.supremecourt.gov","",,,,,"30",,,"US","DESKTOP","google.com",,,"1","100","US","SEARCH","http://www.google.com/search?num=100&q=US","Home - Supreme Court of the United States","organic","https://www.supremecourt.gov/"
,"U.S. flag. An official website of the United States government. Talk to the Veterans Crisis Line now ... Talk to the Veterans Crisis Line now. Contact us ...","https://www.va.gov","U.S. | United States | us",,,,,"31",,,"US","DESKTOP","google.com",,,"1","100","US","SEARCH","http://www.google.com/search?num=100&q=US","VA.gov Home | Veterans Affairs","organic","https://www.va.gov/"
,"View current Copyright Law of the United States and related laws contained in Title 17 of the U.S.Code. Learn More. Staff giving tour ...","https://www.copyright.gov","United States | U.S.",,,,,"32",,,"US","DESKTOP","google.com",,,"1","100","US","SEARCH","http://www.google.com/search?num=100&q=US","U.S. Copyright Office","organic","https://www.copyright.gov/"
,"The latest news, images, videos, career information, and links from the U.S. Army.","https://www.army.mil","U.S.",,,,,"33",,,"US","DESKTOP","google.com",,,"1","100","US","SEARCH","http://www.google.com/search?num=100&q=US","The Official Home Page of the United States Army","organic","https://www.army.mil/"
,"U.S. flag. An official website of the United States government.","https://www.usaid.gov","U.S. | United States",,,,,"34",,,"US","DESKTOP","google.com",,,"1","100","US","SEARCH","http://www.google.com/search?num=100&q=US","U.S. Agency for International Development","organic","https://www.usaid.gov/"
,"U.S. flag. An official website of the United States government. Here's how you know. Here's how you know. Dot gov. Official websites use .gov","https://www.usgs.gov","U.S. | United States",,,,,"35",,,"US","DESKTOP","google.com",,,"1","100","US","SEARCH","http://www.google.com/search?num=100&q=US","USGS.gov | Science for a changing world","organic","https://www.usgs.gov/"
,"National Laboratories. US Map with National Lab locations. The Energy Department's 17 National Labs tackle the critical scientific challenges of our time ...","https://www.energy.gov","US",,,,,"36",,,"US","DESKTOP","google.com",,,"1","100","US","SEARCH","http://www.google.com/search?num=100&q=US","Department of Energy","organic","https://www.energy.gov/"
,"United States and Puerto Rico Author(s): ... and Ohio Valleys resulted in additional periods of heavy rainfall across portions of the eastern U.S. However, ...","https://droughtmonitor.unl.edu","United States | U.S.",,,,,"37",,,"US","DESKTOP","google.com",,,"1","100","US","SEARCH","http://www.google.com/search?num=100&q=US","Current Map | U.S. Drought Monitor","organic","https://droughtmonitor.unl.edu/"
,"We use cookies on our website. Your interactions and personal data may be collected on our websites by us and our partners in accordance with our privacy ...","https://www.aa.com","us",,,,,"38",,,"US","DESKTOP","google.com",,,"1","100","US","SEARCH","http://www.google.com/search?num=100&q=US","American Airlines - Airline tickets and low fares at aa.com","organic","https://www.aa.com/homePage.do"
,"HUD provides housing support and uplifts communities. Let us guide your next steps to the right place. Find Housing Assistance. Find Resources.","https://www.hud.gov","us",,,,,"39",,,"US","DESKTOP","google.com",,,"1","100","US","SEARCH","http://www.google.com/search?num=100&q=US","HUD.gov / U.S. Department of Housing and Urban ...","organic","https://www.hud.gov/"
,"The U.S. Postal Service has enhanced security protocols surrounding its change of address service by implementing additional identity verification methods, ...","https://www.usps.com","U.S.",,,,,"40",,,"US","DESKTOP","google.com",,,"1","100","US","SEARCH","http://www.google.com/search?num=100&q=US","USPS: Welcome","organic","https://www.usps.com/"
,"Stay connected with the U.S. Equal Employment Opportunity Commission (EEOC) with free email updates. Sign up here. No Thanks Remind Me Later.","https://www.eeoc.gov","U.S.",,,,,"41",,,"US","DESKTOP","google.com",,,"1","100","US","SEARCH","http://www.google.com/search?num=100&q=US","Home | U.S. Equal Employment Opportunity Commission","organic","https://www.eeoc.gov/"
"2019-10-16T12:00:00.000Z","Oct 16, 2019Home page of the United States Patent and Trademark Office's main web site.","https://www.uspto.gov","United States",,,"Oct 16, 2019 —","Oct 16, 2019 —","42",,,"US","DESKTOP","google.com",,,"1","100","US","SEARCH","http://www.google.com/search?num=100&q=US","United States Patent and Trademark Office","organic","https://www.uspto.gov/"
,"Get contact information for U.S. federal agencies and elected officials. Learn about the U.S. government, and check out seized or surplus property for sale.","https://www.usa.gov › about-the-us","U.S. | U.S.",,,,,"43",,,"US","DESKTOP","google.com",,,"1","100","US","SEARCH","http://www.google.com/search?num=100&q=US","About the U.S. and its government","organic","https://www.usa.gov/about-the-us"
,"The U.S. Department of Health and Human Services (HHS) protects the health of all Americans and provides essential human services, especially for those ...","https://www.hhs.gov","U.S.",,,,,"44",,,"US","DESKTOP","google.com",,,"1","100","US","SEARCH","http://www.google.com/search?num=100&q=US","HHS.gov","organic","https://www.hhs.gov/"
,"Commander, U.S. Pacific Fleet (PACFLT), announced the 2023 Sailors of the Year (SOY) during a ceremony held June 1, 2023 aboard Joint Base Pearl Harbor-Hickam.","https://www.navy.mil","U.S.",,,,,"45",,,"US","DESKTOP","google.com",,,"1","100","US","SEARCH","http://www.google.com/search?num=100&q=US","United States Navy - Home","organic","https://www.navy.mil/"
,"The United States is the world's greatest economic power, measured in terms of gross domestic product (GDP). The nation's wealth is partly a reflection of its ...","https://www.britannica.com › place › United-States","United States",,,,,"46",,,"US","DESKTOP","google.com",,,"1","100","US","SEARCH","http://www.google.com/search?num=100&q=US","United States | History, Map, Flag, & Population","organic","https://www.britannica.com/place/United-States"
,"US Foods® is one of America's leading food distributors servicing restaurants, the healthcare industry, and more. Learn about our food supply services ...","https://www.usfoods.com","US",,,,,"47",,,"US","DESKTOP","google.com",,,"1","100","US","SEARCH","http://www.google.com/search?num=100&q=US","US Foods | Food Supplier & Distributor | Restaurant Supply","organic","https://www.usfoods.com/"
,"Welcome to the United States Air Force. Learn about great opportunities for enlisted airmen, officers and health care professionals.","https://www.airforce.com","United States",,,,,"48",,,"US","DESKTOP","google.com",,,"1","100","US","SEARCH","http://www.google.com/search?num=100&q=US","U.S. Air Force","organic","https://www.airforce.com/"
,"An official website of the United States Government ... U.S. Treasury · Treasury Inspector General for Tax Administration · USA.gov · USAspending.gov. Home ...","https://www.irs.gov","United States | U.S.",,,,,"49",,,"US","DESKTOP","google.com",,,"1","100","US","SEARCH","http://www.google.com/search?num=100&q=US","Internal Revenue Service | An official website of the United ...","organic","https://www.irs.gov/"
,"Breaking news, photos and videos from around the United States. Read our latest coverage on education, health care, immigration, politics, race and ...","https://www.nytimes.com › section › us","United States",,,,,"50",,,"US","DESKTOP","google.com",,,"1","100","US","SEARCH","http://www.google.com/search?num=100&q=US","U.S. News","organic","https://www.nytimes.com/section/us"
,"Us. R. 2019, Horror/Mystery & thriller, 1h 56m. 93% ... we have seen how to beat the sophomore jinx, and it is Us. Read critic reviews ...","https://www.rottentomatoes.com › us_2019","Us | Us",,,,,"51",,"93","US","DESKTOP","google.com",,,"1","100","US","SEARCH","http://www.google.com/search?num=100&q=US","Us - Rotten Tomatoes","organic","https://www.rottentomatoes.com/m/us_2019"
,"U.S. Congress legislation, Congressional Record debates, Members of Congress, legislative process educational resources presented by the Library of ...","https://www.congress.gov","U.S.",,,,,"52",,,"US","DESKTOP","google.com",,,"1","100","US","SEARCH","http://www.google.com/search?num=100&q=US","Congress.gov | Library of Congress","organic","https://www.congress.gov/"
,"Stay on top of United States latest developments on the ground with Al Jazeera's fact-based news, exclusive video footage, photos and updated maps.","https://www.aljazeera.com › where › united-states","United States",,,,,"53",,,"US","DESKTOP","google.com",,,"1","100","US","SEARCH","http://www.google.com/search?num=100&q=US","United States | Today's latest from Al Jazeera","organic","https://www.aljazeera.com/where/united-states/"
,"View the latest US news, top stories, photos and videos from around the nation. To get the day's top headlines delivered to your inbox every morning, ...","https://www.cnn.com › us","US",,,,,"54",,,"US","DESKTOP","google.com",,,"1","100","US","SEARCH","http://www.google.com/search?num=100&q=US","US","organic","https://www.cnn.com/us"
,"If you have a problem with a bank or financial institution, contact the Federal Reserve for help. The FOMC Calendar · U.S. Currency Education Program.","https://www.federalreserve.gov","U.S.",,,,,"55",,,"US","DESKTOP","google.com",,,"1","100","US","SEARCH","http://www.google.com/search?num=100&q=US","Federal Reserve Board - Home","organic","https://www.federalreserve.gov/"
,"The U.S. Department of the Interior protects America's natural resources and heritage, honors our cultures and tribal communities, and supplies the energy ...","https://www.doi.gov","U.S.",,,,,"56",,,"US","DESKTOP","google.com",,,"1","100","US","SEARCH","http://www.google.com/search?num=100&q=US","U.S. Department of the Interior","organic","https://www.doi.gov/"
,"Delivering effective and efficient government services for the American people · REAL ESTATE · BUY THROUGH US · SELL TO GOVERNMENT · TECHNOLOGY · PER DIEM LOOK-UP ...","https://www.gsa.gov","US",,,,,"57",,,"US","DESKTOP","google.com",,,"1","100","US","SEARCH","http://www.google.com/search?num=100&q=US","GSA: Home","organic","https://www.gsa.gov/"
,"","https://www.wsj.com › news › us","",,,,,"58",,,"US","DESKTOP","google.com",,,"1","100","US","SEARCH","http://www.google.com/search?num=100&q=US","WSJ - US News, Breaking News Headlines and Analysis","organic","https://www.wsj.com/news/us"
,"One Integrated Mission · Key Issues · National Security · Public Safety · Economic Safeguard · Cyber Investigations · Careers at U.S. Secret Service · Protection.","https://www.secretservice.gov","U.S.",,,,,"59",,,"US","DESKTOP","google.com",,,"1","100","US","SEARCH","http://www.google.com/search?num=100&q=US","Home | United States Secret Service","organic","https://www.secretservice.gov/"
,"","https://www.nps.gov","",,,,,"60",,,"US","DESKTOP","google.com",,,"1","100","US","SEARCH","http://www.google.com/search?num=100&q=US","NPS.gov Homepage (U.S. National Park Service)","organic","https://www.nps.gov/"
,"Measles cases in the United States originate from unvaccinated international travelers. ... ‎‎JUN ‎‎22. U.S. E-cigarette Sales Climbed during 2020-2022.","https://www.cdc.gov","United States | U.S.",,,,,"61",,,"US","DESKTOP","google.com",,,"1","100","US","SEARCH","http://www.google.com/search?num=100&q=US","Centers for Disease Control and Prevention","organic","https://www.cdc.gov/"
,"Official website of the U.S. Social Security Administration.","https://www.ssa.gov","U.S.",,,,,"62",,,"US","DESKTOP","google.com",,,"1","100","US","SEARCH","http://www.google.com/search?num=100&q=US","SSA: The United States Social Security Administration","organic","https://www.ssa.gov/"
,"U.S. flag. An official website of the United States government. Sign in Sign in; Help · Search. Keywords. Location or Remote.","https://www.usajobs.gov","U.S. | United States",,,,,"63",,,"US","DESKTOP","google.com",,,"1","100","US","SEARCH","http://www.google.com/search?num=100&q=US","USAJOBS - The Federal Government's official employment site","organic","https://www.usajobs.gov/"
,"U.S. flag. An official website of the United States government. Here's how you know. Here's how you know. Dot gov. The .gov means it's official.","https://www.ftc.gov","U.S. | United States",,,,,"64",,,"US","DESKTOP","google.com",,,"1","100","US","SEARCH","http://www.google.com/search?num=100&q=US","Federal Trade Commission | Protecting America's Consumers","organic","https://www.ftc.gov/"
,"U.S. Immigration and Customs Enforcement's (ICE) mission is to protect America from the cross-border crime and illegal immigration that threaten national ...","https://www.ice.gov","U.S.",,,,,"65",,,"US","DESKTOP","google.com",,,"1","100","US","SEARCH","http://www.google.com/search?num=100&q=US","ICE | U.S. Immigration and Customs Enforcement","organic","https://www.ice.gov/"
,"U.S. flag. An official website of the United States government. Here's how you know. Here's how you know. Dot gov. The .gov means it's official.","https://www.tsa.gov","U.S. | United States",,,,,"66",,,"US","DESKTOP","google.com",,,"1","100","US","SEARCH","http://www.google.com/search?num=100&q=US","Transportation Security Administration | Transportation ...","organic","https://www.tsa.gov/"
,"The official website of the U.S. Air Force. AF.MIL delivers the latest breaking news and information on the U.S. Air Force including top stories, features, ...","https://www.af.mil","U.S. | U.S.",,,,,"67",,,"US","DESKTOP","google.com",,,"1","100","US","SEARCH","http://www.google.com/search?num=100&q=US","The Official Home Page of the U.S. Air Force","organic","https://www.af.mil/"
,"Federal Communications Commission | The United States of America · Affordable Connectivity Program · Headlines · Affordable Connectivity Program · Access Now.","https://www.fcc.gov","United States",,,,,"68",,,"US","DESKTOP","google.com",,,"1","100","US","SEARCH","http://www.google.com/search?num=100&q=US","Federal Communications Commission | The United States ...","organic","https://www.fcc.gov/"
,"The Official Website for the United States Space Force.","https://www.spaceforce.mil","United States",,,,,"69",,,"US","DESKTOP","google.com",,,"1","100","US","SEARCH","http://www.google.com/search?num=100&q=US","U.S. Space Force","organic","https://www.spaceforce.mil/"
,"The Federal Aviation Administration is an operating mode of the U.S. Department of Transportation.","https://www.faa.gov","U.S.",,,,,"70",,,"US","DESKTOP","google.com",,,"1","100","US","SEARCH","http://www.google.com/search?num=100&q=US","Federal Aviation Administration","organic","https://www.faa.gov/"
,"NIST promotes U.S. innovation and industrial competitiveness by advancing measurement science, standards, and technology in ways that enhance economic ...","https://www.time.gov","U.S.",,,,,"71",,,"US","DESKTOP","google.com",,,"1","100","US","SEARCH","http://www.google.com/search?num=100&q=US","National Institute of Standards and Technology | NIST","organic","https://www.time.gov/"
,"U.S. flag. An official website of the United States government. Here's how you know we're official. Dot gov. Official websites use .gov","https://www.noaa.gov","U.S. | United States",,,,,"72",,,"US","DESKTOP","google.com",,,"1","100","US","SEARCH","http://www.google.com/search?num=100&q=US","National Oceanic and Atmospheric Administration: Homepage","organic","https://www.noaa.gov/"
,"The delegates to the Constitutional Convention quickly began work on drafting a new Constitution for the United States. The Constitutional Convention. A chief ...","https://www.whitehouse.gov › ... › Our Government","United States",,,,,"73",,,"US","DESKTOP","google.com",,,"1","100","US","SEARCH","http://www.google.com/search?num=100&q=US","The Constitution","organic","https://www.whitehouse.gov/about-the-white-house/our-government/the-constitution/"
,"The latest news, video and expert analysis from around the United States of America.","https://news.sky.com › us","United States",,,,,"74",,,"US","DESKTOP","google.com",,,"1","100","US","SEARCH","http://www.google.com/search?num=100&q=US","Sky News: US News - The latest headlines from the US","organic","https://news.sky.com/us"
,"More ; Personal Finance · Pandemic-era PPP loan fraud drove inflation in home prices in some markets: Study ; Politics · Biden says U.S. is not part of aborted ...","https://www.cnbc.com › united-states","U.S.",,,,,"75",,,"US","DESKTOP","google.com",,,"1","100","US","SEARCH","http://www.google.com/search?num=100&q=US","United States","organic","https://www.cnbc.com/united-states/"
,"","https://www.goarmy.com","",,,,,"76",,,"US","DESKTOP","google.com",,,"1","100","US","SEARCH","http://www.google.com/search?num=100&q=US","Find Your Career in the U.S. Army | goarmy.com","organic","https://www.goarmy.com/"
,"Contact Us · Accessibility · Privacy Policy · Freedom of Information Act · No FEAR Act · USA.gov. The U.S. National Archives and Records Administration","https://www.archives.gov","Us | U.S.",,,,,"77",,,"US","DESKTOP","google.com",,,"1","100","US","SEARCH","http://www.google.com/search?num=100&q=US","National Archives |","organic","https://www.archives.gov/"
,"U.S. flag. An official website of the United States government Here's how you ...","https://www.treasurydirect.gov","U.S. | United States",,,,,"78",,,"US","DESKTOP","google.com",,,"1","100","US","SEARCH","http://www.google.com/search?num=100&q=US","Home — TreasuryDirect","organic","https://www.treasurydirect.gov/"
,"Federal Student Aid is the largest provider of financial aid for college in the U.S. Understand aid, apply for aid, and manage your student loans today.","https://studentaid.gov","U.S.",,,,,"79",,,"US","DESKTOP","google.com",,,"1","100","US","SEARCH","http://www.google.com/search?num=100&q=US","Federal Student Aid: Home","organic","https://studentaid.gov/"
,"The All of Us Research Program is a historic effort to gather data from one million or more people living in the United States to accelerate research and ...","https://allofus.nih.gov","Us | United States",,,,,"80",,,"US","DESKTOP","google.com",,,"1","100","US","SEARCH","http://www.google.com/search?num=100&q=US","All of Us Research Program | National Institutes of Health (NIH)","organic","https://allofus.nih.gov/"
,"RELEASE: U.S. Office of Personnel Management Releases New “Quick Guide” to Help Federal Employees Prepare for Retirement. OPM released the OPM Retirement ...","https://www.opm.gov","U.S.",,,,,"81",,,"US","DESKTOP","google.com",,,"1","100","US","SEARCH","http://www.google.com/search?num=100&q=US","OPM Home - OPM.gov","organic","https://www.opm.gov/"
"2023-06-28T10:50:35.684Z","s Headlines. Heat dome explained: Why 'dangerous' heat is expanding across the US · Putin highlights unity against rebellion, blames Wagner leader ...","https://www.usatoday.com","US",,,,,"82",,,"US","DESKTOP","google.com",,,"1","100","US","SEARCH","http://www.google.com/search?num=100&q=US","USA TODAY - Breaking News and Latest News Today","organic","https://www.usatoday.com/"
,"Get the latest breaking and in-depth U.S. news headlines, photos and videos on FoxNews.com.","https://www.foxnews.com › us","U.S.",,,,,"83",,,"US","DESKTOP","google.com",,,"1","100","US","SEARCH","http://www.google.com/search?num=100&q=US","U.S. | Fox News","organic","https://www.foxnews.com/us"
,"National Weather Service · United States Department of Commerce. HOME ... and Southeast U.S. as well as the Central Valley of California into the weekend.","https://www.weather.gov","United States | U.S.",,,,,"84",,,"US","DESKTOP","google.com",,,"1","100","US","SEARCH","http://www.google.com/search?num=100&q=US","National Weather Service","organic","https://www.weather.gov/"
,"U.S. flag. An official website of the United States government. Here's how you know. Here's how you know. Español · Tiếng Việt · 简体中文. world globe ...","https://www.fema.gov","U.S. | United States",,,,,"85",,,"US","DESKTOP","google.com",,,"1","100","US","SEARCH","http://www.google.com/search?num=100&q=US","FEMA","organic","https://www.fema.gov/"
,"An official website of the United States government. Here's how you know. Official websites use .gov. A .gov website belongs to an official government ...","https://www.cms.gov","United States",,,,,"86",,,"US","DESKTOP","google.com",,,"1","100","US","SEARCH","http://www.google.com/search?num=100&q=US","CMS: Home - Centers for Medicare & Medicaid Services","organic","https://www.cms.gov/"
,"DTTL (also referred to as ""Deloitte Global"") does not provide services to clients. In the United States, Deloitte refers to one or more of the US member firms ...","https://www2.deloitte.com › us","United States | US",,,,,"87",,,"US","DESKTOP","google.com",,,"1","100","US","SEARCH","http://www.google.com/search?num=100&q=US","Deloitte US | Audit, Consulting, Advisory, and Tax Services","organic","https://www2.deloitte.com/us/en.html"
,"Services for U.S. Exporters. See All Exporter Services. Whether you are new to exporting or expanding to new markets, the U.S. Commercial Service (CS) ...","https://www.trade.gov › let-our-experts-help-0","U.S. | U.S.",,,,,"88",,,"US","DESKTOP","google.com",,,"1","100","US","SEARCH","http://www.google.com/search?num=100&q=US","Let Our Experts Help","organic","https://www.trade.gov/let-our-experts-help-0"
,"There are no current and forecast air quality data found near your location. Please visit the for a list of cities with data. Please search for a U.S. ...","https://www.airnow.gov","U.S.",,,,,"89",,,"US","DESKTOP","google.com",,,"1","100","US","SEARCH","http://www.google.com/search?num=100&q=US","AirNow.gov","organic","https://www.airnow.gov/"
,"Us trailers, video clips available on Blu-ray, DVD, Digital HD and On Demand from Universal Pictures Home Entertainment. Watch Us trailers and video and ...","https://www.uphe.com › movies › us","Us | Us",,,,,"90",,,"US","DESKTOP","google.com",,,"1","100","US","SEARCH","http://www.google.com/search?num=100&q=US","Us | Watch Page | DVD, Blu-ray, Digital HD, On Demand ...","organic","https://www.uphe.com/movies/us"
,"","https://welcome.us","",,,,,"91",,,"US","DESKTOP","google.com",,,"1","100","US","SEARCH","http://www.google.com/search?num=100&q=US","Welcome.US | Welcome.US offers a life changing opportunity","organic","https://welcome.us/"
,"Get the latest American and Canadian news from BBC News in the US and Canada: breaking news, features and analysis plus audio and video content from North ...","https://www.bbc.com › news › world › us_and_canada","US",,,,,"92",,,"US","DESKTOP","google.com",,,"1","100","US","SEARCH","http://www.google.com/search?num=100&q=US","US & Canada - BBC News","organic","https://www.bbc.com/news/world/us_and_canada"
,"Follow Us · Email · Library of Congress Facebook · Library of Congress Twitter · Library of Congress Youtube · Library of Congress Pinterest · Library of ...","https://www.loc.gov","Us",,,,,"93",,,"US","DESKTOP","google.com",,,"1","100","US","SEARCH","http://www.google.com/search?num=100&q=US","Library of Congress: Home","organic","https://www.loc.gov/"
,"Get the latest breaking news across the U.S. on ABCNews.com.","https://abcnews.go.com › US","U.S.",,,,,"94",,,"US","DESKTOP","google.com",,,"1","100","US","SEARCH","http://www.google.com/search?num=100&q=US","U.S. News | Latest National News, Videos & Photos","organic","https://abcnews.go.com/US"
,"The National Security Agency/Central Security Service leads the U.S. Government in cryptology that encompasses both signals intelligence insights and ...","https://www.nsa.gov","U.S.",,,,,"95",,,"US","DESKTOP","google.com",,,"1","100","US","SEARCH","http://www.google.com/search?num=100&q=US","National Security Agency | Central Security Service","organic","https://www.nsa.gov/"
,"Population of the United States: current, historical, and projected population, growth rate, immigration, median age, total fertility rate (TFR), ...","https://www.worldometers.info › us-population","United States",,,,,"96",,,"US","DESKTOP","google.com",,,"1","100","US","SEARCH","http://www.google.com/search?num=100&q=US","United States Population (2023)","organic","https://www.worldometers.info/world-population/us-population/"
,"","https://www.samsung.com › us","",,,,,"97",,,"US","DESKTOP","google.com",,,"1","100","US","SEARCH","http://www.google.com/search?num=100&q=US","Samsung US | Mobile | TV | Home Electronics | Home ...","organic","https://www.samsung.com/us/"
,"U.S. states are abbreviated on the SDN and Non-SDN lists. To search for a specific U.S. state, please use the two letter U.S. Postal Service abbreviation.","https://sanctionssearch.ofac.treas.gov","U.S. | U.S. | U.S.",,,,,"98",,,"US","DESKTOP","google.com",,,"1","100","US","SEARCH","http://www.google.com/search?num=100&q=US","Sanctions List Search","organic","https://sanctionssearch.ofac.treas.gov/"
